cell_id,cell_type,area,perimeter,intensity
1,Type_A,293.71,64.36,121.77
2,Type_A,233.2,71.85,128.54
3,Type_A,313.77,62.63,139.77
4,Type_A,322.33,66.51,117.91
5,Type_A,192.2,47.65,134.38
6,Type_A,221.4,61.66,120.21
7,Type_A,285.75,56.1,122.88
8,Type_A,,53.47,139.93
9,Type_A,279.24,55.85,89.12
10,Type_A,241.61,59.66,101.66
11,Type_A,319.57,68.41,98.32
12,Type_A,315.0,52.72,82.99
13,Type_A,282.97,62.21,112.79
14,Type_A,330.73,58.61,138.49
15,Type_A,301.04,59.71,119.87
16,Type_A,241.33,69.02,128.56
17,Type_A,296.59,65.77,144.61
18,Type_A,236.85,71.36,148.9
19,Type_A,319.53,60.92,123.76
20,Type_A,277.75,57.13,149.36
21,Type_A,271.68,60.43,126.66
22,Type_A,249.36,63.7,109.93
23,Type_A,335.01,63.24,114.3
24,Type_A,273.05,54.41,98.35
25,Type_A,260.73,62.63,
26,Type_A,264.15,63.6,118.56
27,Type_A,303.95,79.62,139.46
28,Type_A,296.44,75.14,155.97
29,Type_A,298.57,56.03,100.12
30,Type_A,299.39,59.99,132.07
31,Type_A,376.37,51.76,106.27
32,Type_A,261.71,57.87,133.54
33,Type_A,256.95,64.21,122.64
34,Type_A,243.38,70.44,92.04
35,Type_A,307.72,56.9,141.71
36,Type_A,1500.0,57.42,114.11
37,Type_A,274.87,46.97,115.39
38,Type_A,242.19,60.86,105.74
39,Type_A,242.9,54.56,113.22
40,Type_A,309.28,58.29,132.7
41,Type_A,313.45,55.86,121.59
42,Type_A,304.44,61.34,130.92
43,Type_A,250.05,49.7,131.51
44,Type_A,290.45,51.73,148.77
45,Type_A,285.25,76.9,118.83
46,Type_A,289.84,52.99,98.42
47,Type_A,319.21,54.32,144.21
48,Type_A,290.06,74.86,119.03
49,Type_A,310.55,82.34,145.06
50,Type_A,283.04,53.8,131.9
51,Type_A,293.01,59.42,122.64
52,Type_A,308.41,64.39,131.28
53,Type_A,214.43,74.1,160.12
54,Type_A,265.61,55.09,162.39
55,Type_A,258.83,60.28,126.25
56,Type_A,251.25,67.44,127.88
57,Type_A,267.62,65.04,144.37
58,Type_A,347.27,59.37,109.78
59,Type_A,241.04,61.06,131.0
60,Type_A,323.57,52.38,124.53
61,Type_A,204.27,60.33,130.65
62,Type_A,264.93,,110.0
63,Type_A,287.32,63.63,96.39
64,Type_A,306.38,58.11,87.69
65,Type_A,312.01,65.3,104.89
66,Type_A,315.7,69.09,116.74
67,Type_A,264.31,63.09,119.72
68,Type_A,259.19,64.46,159.87
69,Type_A,318.61,62.37,144.91
70,Type_A,271.39,62.0,107.68
71,Type_A,222.59,56.95,131.26
72,Type_A,229.0,64.22,117.67
73,Type_A,238.62,61.32,119.88
74,Type_A,302.37,76.65,128.34
75,Type_A,286.41,73.01,136.15
76,Type_A,311.07,64.7,118.89
77,Type_A,260.77,56.66,144.15
78,Type_A,287.13,54.21,104.45
79,Type_A,308.15,70.34,125.11
80,Type_A,266.08,63.84,171.76
81,Type_A,300.55,65.36,129.02
82,Type_A,250.21,49.79,150.8
83,Type_A,263.66,68.49,126.65
84,Type_A,262.82,65.18,135.45
85,Type_A,226.19,54.23,123.98
86,Type_A,301.91,58.7,121.93
87,Type_A,258.88,63.85,110.97
88,Type_A,280.56,62.37,132.75
89,Type_A,-50.0,59.95,109.67
90,Type_A,300.09,61.28,136.98
91,Type_A,309.94,60.24,144.54
92,Type_A,275.57,63.07,131.6
93,Type_A,260.95,72.3,119.85
94,Type_A,276.41,44.03,133.17
95,Type_A,204.07,60.34,119.44
96,Type_A,214.88,63.24,141.84
97,Type_A,220.48,64.07,92.03
98,Type_A,235.12,59.4,118.96
99,Type_A,297.99,49.7,89.17
100,Type_A,239.25,64.3,98.09
101,Type_B,405.42,97.55,205.0
102,Type_B,514.45,68.2,194.69
103,Type_B,406.84,89.77,159.17
104,Type_B,477.94,79.04,141.94
105,Type_B,369.31,81.45,109.78
106,Type_B,416.65,72.52,163.04
107,Type_B,368.25,78.99,228.25
108,Type_B,407.96,93.7,184.57
109,Type_B,484.62,87.24,162.69
110,Type_B,317.72,97.59,185.23
111,Type_B,458.24,92.6,140.66
112,Type_B,445.45,85.95,168.46
113,Type_B,391.38,97.7,177.19
114,Type_B,336.01,85.95,173.11
115,Type_B,434.69,89.45,192.4
116,Type_B,395.58,79.33,182.58
117,Type_B,445.12,82.6,189.7
118,Type_B,431.42,75.72,159.86
119,Type_B,534.12,90.91,194.75
120,Type_B,414.44,71.4,210.84
121,Type_B,363.47,89.04,153.66
122,Type_B,441.65,80.28,155.47
123,Type_B,444.3,92.54,204.39
124,Type_B,518.35,88.76,170.79
125,Type_B,484.28,98.39,205.88
126,Type_B,453.2,88.58,165.26
127,Type_B,525.11,67.85,207.01
128,Type_B,352.73,81.4,177.89
129,Type_B,388.42,71.45,180.68
130,Type_B,369.77,77.34,209.42
131,Type_B,404.66,95.6,167.04
132,Type_B,340.52,87.74,154.3
133,Type_B,471.28,75.71,165.13
134,Type_B,415.56,72.88,184.95
135,Type_B,334.4,82.3,140.55
136,Type_B,363.99,71.05,189.02
137,Type_B,450.38,75.96,163.15
138,Type_B,484.48,84.81,200.25
139,Type_B,559.79,92.4,122.33
140,Type_B,619.4,87.48,157.7
141,Type_B,456.94,61.38,137.9
142,Type_B,365.68,84.74,156.82
143,Type_B,291.42,-10.0,180.45
144,Type_B,447.4,85.73,171.06
145,Type_B,377.16,96.55,169.43
146,Type_B,403.0,63.43,171.5
147,Type_B,390.21,76.68,179.47
148,Type_B,420.85,87.32,152.81
149,Type_B,499.29,67.77,190.55
150,Type_B,440.21,95.28,189.58
151,Type_B,419.69,85.32,183.47
152,Type_B,362.68,89.62,187.24
153,Type_B,321.15,76.86,181.52
154,Type_B,398.39,89.32,219.77
155,Type_B,426.5,91.62,173.08
156,Type_B,544.92,84.1,168.24
157,Type_B,438.47,84.11,158.42
158,Type_B,493.88,84.43,152.29
159,Type_B,397.55,74.23,147.62
160,Type_B,352.98,80.67,155.45
161,Type_B,367.27,80.63,173.45
162,Type_B,382.86,85.45,182.35
163,Type_B,568.35,91.0,176.13
164,Type_B,376.61,72.47,158.16
165,Type_B,484.5,80.87,194.8
166,Type_B,371.31,95.33,191.27
167,Type_B,490.55,75.31,171.49
168,Type_B,455.02,74.6,160.64
169,Type_B,419.82,83.82,187.07
170,Type_B,427.35,89.6,179.14
171,Type_B,387.44,82.1,143.14
172,Type_B,458.99,93.96,173.5
173,Type_B,400.43,89.71,180.76
174,Type_B,350.34,89.58,155.21
175,Type_B,346.93,86.99,179.18
176,Type_B,441.22,102.95,142.99
177,Type_B,532.64,80.15,500.0
178,Type_B,440.4,63.97,202.45
179,Type_B,422.29,96.44,169.44
180,Type_B,448.58,77.88,183.0
181,Type_B,514.89,82.97,121.98
182,Type_B,444.26,93.79,149.56
183,Type_B,403.29,67.58,168.54
184,Type_B,501.91,70.74,151.41
185,Type_B,457.87,67.59,190.72
186,Type_B,529.82,74.85,218.94
187,Type_B,441.91,85.96,149.11
188,Type_B,350.41,86.72,156.58
189,Type_B,341.07,84.49,180.18
190,Type_B,537.31,69.29,210.44
191,Type_B,542.04,61.21,148.11
192,Type_B,418.33,82.49,180.48
193,Type_B,405.09,77.75,215.07
194,Type_B,524.99,86.13,138.66
195,Type_B,358.04,88.32,146.82
196,Type_B,371.84,83.24,165.68
197,Type_B,471.82,88.84,163.55
198,Type_B,404.35,84.06,192.88
199,Type_B,429.67,86.77,180.32
200,Type_B,419.38,75.66,135.95
51,Type_A,293.01,59.42,122.64
